{
  "project_info": {
    "project_number": "197913603994",
    "project_id": "megaproject-75094",
    "storage_bucket": "megaproject-75094.firebasestorage.app"
  },
  "client": [
    {
      "client_info": {
        "mobilesdk_app_id": "1:197913603994:android:be12a5547b0235612d1423",
        "android_client_info": {
          "package_name": "com.company.DR.AI"
        }
      },
      "oauth_client": [],
      "api_key": [
        {
          "current_key": "AIzaSyCZzIsp79oBrcwWI74OddxwmUfNiHjys2A"
        }
      ],
      "services": {
        "appinvite_service": {
          "other_platform_oauth_client": []
        }
      }
    }
  ],
  "configuration_version": "1"
}